{"paths": {"admin/css/autocomplete.css": "admin/css/autocomplete.d24f10bdee41.css", "admin/css/base.css": "admin/css/base.428a30193bdc.css", "admin/css/changelists.css": "admin/css/changelists.dc127cbae4a6.css", "admin/css/dark_mode.css": "admin/css/dark_mode.a364bd93cdcc.css", "admin/css/dashboard.css": "admin/css/dashboard.e90f2068217b.css", "admin/css/forms.css": "admin/css/forms.04a64aa21e60.css", "admin/css/login.css": "admin/css/login.a3b47c458e5d.css", "admin/css/nav_sidebar.css": "admin/css/nav_sidebar.dd925738f4cc.css", "admin/css/responsive.css": "admin/css/responsive.ea11f463f024.css", "admin/css/responsive_rtl.css": "admin/css/responsive_rtl.2429bcdc43db.css", "admin/css/rtl.css": "admin/css/rtl.e27da9d2cfab.css", "admin/css/unusable_password_field.css": "admin/css/unusable_password_field.b433f2a95fba.css", "admin/css/vendor/select2/LICENSE-SELECT2.md": "admin\\css\\vendor\\select2\\LICENSE-SELECT2.f94142512c91.md", "admin/css/vendor/select2/select2.css": "admin/css/vendor/select2/select2.a2194c262648.css", "admin/css/vendor/select2/select2.min.css": "admin/css/vendor/select2/select2.min.9f54e6414f87.css", "admin/css/widgets.css": "admin/css/widgets.2bfb0f4bb90a.css", "admin/img/README.md": "admin\\img\\README.2e7bc30d034a.md", "admin/img/calendar-icons.svg": "admin\\img\\calendar-icons.11b535e4a489.svg", "admin/img/icon-addlink.svg": "admin\\img\\icon-addlink.cf2357b7d0e6.svg", "admin/img/icon-alert-dark.svg": "admin\\img\\icon-alert-dark.0feae5205d73.svg", "admin/img/icon-alert.svg": "admin\\img\\icon-alert.22a12b18ffea.svg", "admin/img/icon-calendar.svg": "admin\\img\\icon-calendar.5ecf61f31b5d.svg", "admin/img/icon-changelink.svg": "admin\\img\\icon-changelink.b592a93b41be.svg", "admin/img/icon-clock.svg": "admin\\img\\icon-clock.e8021c090c7a.svg", "admin/img/icon-debug-dark.svg": "admin\\img\\icon-debug-dark.54c8a9312862.svg", "admin/img/icon-debug.svg": "admin\\img\\icon-debug.55d305d70611.svg", "admin/img/icon-deletelink.svg": "admin\\img\\icon-deletelink.d730f4e28cce.svg", "admin/img/icon-hidelink.svg": "admin\\img\\icon-hidelink.e152bbd56430.svg", "admin/img/icon-info-dark.svg": "admin\\img\\icon-info-dark.d45fe10cd8bd.svg", "admin/img/icon-info.svg": "admin\\img\\icon-info.8d7f595627bc.svg", "admin/img/icon-no-dark.svg": "admin\\img\\icon-no-dark.b8cdf102c9f0.svg", "admin/img/icon-no.svg": "admin\\img\\icon-no.030751157345.svg", "admin/img/icon-unknown-alt.svg": "admin\\img\\icon-unknown-alt.36166323e511.svg", "admin/img/icon-unknown.svg": "admin\\img\\icon-unknown.a3f339db02b7.svg", "admin/img/icon-viewlink.svg": "admin\\img\\icon-viewlink.4a14a61a9e85.svg", "admin/img/icon-yes-dark.svg": "admin\\img\\icon-yes-dark.89c587634cdd.svg", "admin/img/icon-yes.svg": "admin\\img\\icon-yes.29488ce3e9f8.svg", "admin/img/inline-delete.svg": "admin\\img\\inline-delete.f07da9f66580.svg", "admin/img/search.svg": "admin\\img\\search.b529c8b3d9fb.svg", "admin/img/selector-icons.svg": "admin\\img\\selector-icons.0c131af266f6.svg", "admin/img/sorting-icons.svg": "admin\\img\\sorting-icons.c9d975052c55.svg", "admin/img/tooltag-add.svg": "admin\\img\\tooltag-add.16a3e1048c7e.svg", "admin/img/tooltag-arrowright.svg": "admin\\img\\tooltag-arrowright.838d69f08fa9.svg", "admin/js/SelectBox.js": "admin/js/SelectBox.7d3ce5a98007.js", "admin/js/SelectFilter2.js": "admin/js/SelectFilter2.6f887636b8dc.js", "admin/js/actions.js": "admin/js/actions.f1d5653edb59.js", "admin/js/admin/DateTimeShortcuts.js": "admin/js/admin/DateTimeShortcuts.5a6d4ad12024.js", "admin/js/admin/RelatedObjectLookups.js": "admin/js/admin/RelatedObjectLookups.ed6240809a40.js", "admin/js/autocomplete.js": "admin/js/autocomplete.01591ab27be7.js", "admin/js/calendar.js": "admin/js/calendar.1ba287b592e8.js", "admin/js/cancel.js": "admin/js/cancel.ecc4c5ca7b32.js", "admin/js/change_form.js": "admin/js/change_form.9d8ca4f96b75.js", "admin/js/core.js": "admin/js/core.7e257fdf56dc.js", "admin/js/filters.js": "admin/js/filters.0e360b7a9f80.js", "admin/js/inlines.js": "admin/js/inlines.89b3c627c5dc.js", "admin/js/jquery.init.js": "admin/js/jquery.init.b7781a0897fc.js", "admin/js/nav_sidebar.js": "admin/js/nav_sidebar.3b9190d420b1.js", "admin/js/popup_response.js": "admin/js/popup_response.96190d343c22.js", "admin/js/prepopulate.js": "admin/js/prepopulate.bd2361dfd64d.js", "admin/js/prepopulate_init.js": "admin/js/prepopulate_init.6cac7f3105b8.js", "admin/js/theme.js": "admin/js/theme.91cf832f559e.js", "admin/js/urlify.js": "admin/js/urlify.ae970a820212.js", "admin/js/vendor/jquery/LICENSE.txt": "admin\\js\\vendor\\jquery\\LICENSE.de877aa6d744.txt", "admin/js/vendor/jquery/jquery.js": "admin/js/vendor/jquery/jquery.12e87d2f3a4c.js", "admin/js/vendor/jquery/jquery.min.js": "admin/js/vendor/jquery/jquery.min.2c872dbe60f4.js", "admin/js/vendor/select2/LICENSE.md": "admin\\js\\vendor\\select2\\LICENSE.f94142512c91.md", "admin/js/vendor/select2/i18n/af.js": "admin/js/vendor/select2/i18n/af.4f6fcd73488c.js", "admin/js/vendor/select2/i18n/ar.js": "admin/js/vendor/select2/i18n/ar.65aa8e36bf5d.js", "admin/js/vendor/select2/i18n/az.js": "admin/js/vendor/select2/i18n/az.270c257daf81.js", "admin/js/vendor/select2/i18n/bg.js": "admin/js/vendor/select2/i18n/bg.39b8be30d4f0.js", "admin/js/vendor/select2/i18n/bn.js": "admin/js/vendor/select2/i18n/bn.6d42b4dd5665.js", "admin/js/vendor/select2/i18n/bs.js": "admin/js/vendor/select2/i18n/bs.91624382358e.js", "admin/js/vendor/select2/i18n/ca.js": "admin/js/vendor/select2/i18n/ca.a166b745933a.js", "admin/js/vendor/select2/i18n/cs.js": "admin/js/vendor/select2/i18n/cs.4f43e8e7d33a.js", "admin/js/vendor/select2/i18n/da.js": "admin/js/vendor/select2/i18n/da.766346afe4dd.js", "admin/js/vendor/select2/i18n/de.js": "admin/js/vendor/select2/i18n/de.8a1c222b0204.js", "admin/js/vendor/select2/i18n/dsb.js": "admin/js/vendor/select2/i18n/dsb.56372c92d2f1.js", "admin/js/vendor/select2/i18n/el.js": "admin/js/vendor/select2/i18n/el.27097f071856.js", "admin/js/vendor/select2/i18n/en.js": "admin/js/vendor/select2/i18n/en.cf932ba09a98.js", "admin/js/vendor/select2/i18n/es.js": "admin/js/vendor/select2/i18n/es.66dbc2652fb1.js", "admin/js/vendor/select2/i18n/et.js": "admin/js/vendor/select2/i18n/et.2b96fd98289d.js", "admin/js/vendor/select2/i18n/eu.js": "admin/js/vendor/select2/i18n/eu.adfe5c97b72c.js", "admin/js/vendor/select2/i18n/fa.js": "admin/js/vendor/select2/i18n/fa.3b5bd1961cfd.js", "admin/js/vendor/select2/i18n/fi.js": "admin/js/vendor/select2/i18n/fi.614ec42aa9ba.js", "admin/js/vendor/select2/i18n/fr.js": "admin/js/vendor/select2/i18n/fr.05e0542fcfe6.js", "admin/js/vendor/select2/i18n/gl.js": "admin/js/vendor/select2/i18n/gl.d99b1fedaa86.js", "admin/js/vendor/select2/i18n/he.js": "admin/js/vendor/select2/i18n/he.e420ff6cd3ed.js", "admin/js/vendor/select2/i18n/hi.js": "admin/js/vendor/select2/i18n/hi.70640d41628f.js", "admin/js/vendor/select2/i18n/hr.js": "admin/js/vendor/select2/i18n/hr.a2b092cc1147.js", "admin/js/vendor/select2/i18n/hsb.js": "admin/js/vendor/select2/i18n/hsb.fa3b55265efe.js", "admin/js/vendor/select2/i18n/hu.js": "admin/js/vendor/select2/i18n/hu.6ec6039cb8a3.js", "admin/js/vendor/select2/i18n/hy.js": "admin/js/vendor/select2/i18n/hy.c7babaeef5a6.js", "admin/js/vendor/select2/i18n/id.js": "admin/js/vendor/select2/i18n/id.04debded514d.js", "admin/js/vendor/select2/i18n/is.js": "admin/js/vendor/select2/i18n/is.3ddd9a6a97e9.js", "admin/js/vendor/select2/i18n/it.js": "admin/js/vendor/select2/i18n/it.be4fe8d365b5.js", "admin/js/vendor/select2/i18n/ja.js": "admin/js/vendor/select2/i18n/ja.170ae885d74f.js", "admin/js/vendor/select2/i18n/ka.js": "admin/js/vendor/select2/i18n/ka.2083264a54f0.js", "admin/js/vendor/select2/i18n/km.js": "admin/js/vendor/select2/i18n/km.c23089cb06ca.js", "admin/js/vendor/select2/i18n/ko.js": "admin/js/vendor/select2/i18n/ko.e7be6c20e673.js", "admin/js/vendor/select2/i18n/lt.js": "admin/js/vendor/select2/i18n/lt.23c7ce903300.js", "admin/js/vendor/select2/i18n/lv.js": "admin/js/vendor/select2/i18n/lv.08e62128eac1.js", "admin/js/vendor/select2/i18n/mk.js": "admin/js/vendor/select2/i18n/mk.dabbb9087130.js", "admin/js/vendor/select2/i18n/ms.js": "admin/js/vendor/select2/i18n/ms.4ba82c9a51ce.js", "admin/js/vendor/select2/i18n/nb.js": "admin/js/vendor/select2/i18n/nb.da2fce143f27.js", "admin/js/vendor/select2/i18n/ne.js": "admin/js/vendor/select2/i18n/ne.3d79fd3f08db.js", "admin/js/vendor/select2/i18n/nl.js": "admin/js/vendor/select2/i18n/nl.997868a37ed8.js", "admin/js/vendor/select2/i18n/pl.js": "admin/js/vendor/select2/i18n/pl.6031b4f16452.js", "admin/js/vendor/select2/i18n/ps.js": "admin/js/vendor/select2/i18n/ps.38dfa47af9e0.js", "admin/js/vendor/select2/i18n/pt-BR.js": "admin/js/vendor/select2/i18n/pt-BR.e1b294433e7f.js", "admin/js/vendor/select2/i18n/pt.js": "admin/js/vendor/select2/i18n/pt.33b4a3b44d43.js", "admin/js/vendor/select2/i18n/ro.js": "admin/js/vendor/select2/i18n/ro.f75cb460ec3b.js", "admin/js/vendor/select2/i18n/ru.js": "admin/js/vendor/select2/i18n/ru.934aa95f5b5f.js", "admin/js/vendor/select2/i18n/sk.js": "admin/js/vendor/select2/i18n/sk.33d02cef8d11.js", "admin/js/vendor/select2/i18n/sl.js": "admin/js/vendor/select2/i18n/sl.131a78bc0752.js", "admin/js/vendor/select2/i18n/sq.js": "admin/js/vendor/select2/i18n/sq.5636b60d29c9.js", "admin/js/vendor/select2/i18n/sr-Cyrl.js": "admin/js/vendor/select2/i18n/sr-Cyrl.f254bb8c4c7c.js", "admin/js/vendor/select2/i18n/sr.js": "admin/js/vendor/select2/i18n/sr.5ed85a48f483.js", "admin/js/vendor/select2/i18n/sv.js": "admin/js/vendor/select2/i18n/sv.7a9c2f71e777.js", "admin/js/vendor/select2/i18n/th.js": "admin/js/vendor/select2/i18n/th.f38c20b0221b.js", "admin/js/vendor/select2/i18n/tk.js": "admin/js/vendor/select2/i18n/tk.7c572a68c78f.js", "admin/js/vendor/select2/i18n/tr.js": "admin/js/vendor/select2/i18n/tr.b5a0643d1545.js", "admin/js/vendor/select2/i18n/uk.js": "admin/js/vendor/select2/i18n/uk.8cede7f4803c.js", "admin/js/vendor/select2/i18n/vi.js": "admin/js/vendor/select2/i18n/vi.097a5b75b3e1.js", "admin/js/vendor/select2/i18n/zh-CN.js": "admin/js/vendor/select2/i18n/zh-CN.2cff662ec5f9.js", "admin/js/vendor/select2/i18n/zh-TW.js": "admin/js/vendor/select2/i18n/zh-TW.04554a227c2b.js", "admin/js/vendor/select2/select2.full.js": "admin/js/vendor/select2/select2.full.c2afdeda3058.js", "admin/js/vendor/select2/select2.full.min.js": "admin/js/vendor/select2/select2.full.min.fcd7500d8e13.js", "admin/js/vendor/xregexp/LICENSE.txt": "admin\\js\\vendor\\xregexp\\LICENSE.b6fd2ceea8d3.txt", "admin/js/vendor/xregexp/xregexp.js": "admin/js/vendor/xregexp/xregexp.a7e08b0ce686.js", "admin/js/vendor/xregexp/xregexp.min.js": "admin/js/vendor/xregexp/xregexp.min.f1ae4617847c.js", "css/document_composer.css": "css/document_composer.00b7399f0083.css", "css/document_pdf.css": "css/document_pdf.862f271e2f88.css", "css/ez360pm.css": "css/ez360pm.221df99d88a5.css", "docs/ez360pm_user_manual.pdf": "docs\\ez360pm_user_manual.b235d402a7a4.pdf", "images/EZ360PM_icon_transparent.png": "images\\EZ360PM_icon_transparent.19af82249a54.png", "images/EZ360PM_icon_transparent_1024.png": "images\\EZ360PM_icon_transparent_1024.5a3f5292af56.png", "images/EZ360PM_icon_transparent_128.png": "images\\EZ360PM_icon_transparent_128.a5ecf49f9922.png", "images/EZ360PM_icon_transparent_256.png": "images\\EZ360PM_icon_transparent_256.3154e9fe7b6a.png", "images/EZ360PM_icon_transparent_512.png": "images\\EZ360PM_icon_transparent_512.082a0c6beed3.png", "images/EZ360PM_icon_transparent_64.png": "images\\EZ360PM_icon_transparent_64.029b01b521bc.png", "images/EZ360PM_icon_white.png": "images\\EZ360PM_icon_white.9d86d1969fc1.png", "images/EZ360PM_icon_white_1024.png": "images\\EZ360PM_icon_white_1024.caa0dc1ce5f8.png", "images/EZ360PM_icon_white_128.png": "images\\EZ360PM_icon_white_128.1a15a4d1b9a7.png", "images/EZ360PM_icon_white_256.png": "images\\EZ360PM_icon_white_256.6eec8e6116b6.png", "images/EZ360PM_icon_white_512.png": "images\\EZ360PM_icon_white_512.9d86d1969fc1.png", "images/EZ360PM_icon_white_64.png": "images\\EZ360PM_icon_white_64.c1a99f93bfe9.png", "images/EZ360PM_logo_dark.png": "images\\EZ360PM_logo_dark.f4868d1f2314.png", "images/EZ360PM_logo_dark_1200w.png": "images\\EZ360PM_logo_dark_1200w.1584b82dc39f.png", "images/EZ360PM_logo_dark_1800w.png": "images\\EZ360PM_logo_dark_1800w.f391b646dc14.png", "images/EZ360PM_logo_dark_600w.png": "images\\EZ360PM_logo_dark_600w.34aa4f35b67b.png", "images/EZ360PM_logo_white_1200w.png": "images\\EZ360PM_logo_white_1200w.e2d71aa95337.png", "images/EZ360PM_logo_white_1800w.png": "images\\EZ360PM_logo_white_1800w.2ee23df651ff.png", "images/EZ360PM_logo_white_600w.png": "images\\EZ360PM_logo_white_600w.5fce7ad0e119.png", "images/Navbar.png": "images\\Navbar.84ef57808da8.png", "images/README.txt": "images\\README.1ed24d55ed3a.txt", "images/ez360pm_logo.png": "images\\ez360pm_logo.15b05f1d7953.png", "images/ez360pm_logo.svg": "images\\ez360pm_logo.48cedb72fead.svg", "images/ez360pm_logo_old.svg": "images\\ez360pm_logo_old.44021a0065df.svg", "images/favicon.ico": "images\\favicon.7856062d44ce.ico", "images/helpcenter/accounting_overview.png": "images\\helpcenter\\accounting_overview.f61591b50052.png", "images/helpcenter/balance_sheet.png": "images\\helpcenter\\balance_sheet.39beb24d71b6.png", "images/helpcenter/chart_of_accounts.png": "images\\helpcenter\\chart_of_accounts.f61591b50052.png", "images/helpcenter/client_credit_applied.png": "images\\helpcenter\\client_credit_applied.76f2b27a570c.png", "images/helpcenter/general_ledger.png": "images\\helpcenter\\general_ledger.7a7417a89ad0.png", "images/helpcenter/invoice_editor.png": "images\\helpcenter\\invoice_editor.4b106545412c.png", "images/helpcenter/invoices_payments.png": "images\\helpcenter\\invoices_payments.dc1699613a48.png", "images/helpcenter/invoices_payments_list.png": "images\\helpcenter\\invoices_payments_list.c3111e61d4bc.png", "images/helpcenter/journal_entries.png": "images\\helpcenter\\journal_entries.f61591b50052.png", "images/helpcenter/journal_entry_editor.png": "images\\helpcenter\\journal_entry_editor.f61591b50052.png", "images/helpcenter/profit_loss.png": "images\\helpcenter\\profit_loss.370cc26f9fa7.png", "images/helpcenter/record_payment.png": "images\\helpcenter\\record_payment.c3b5bbe6bf7c.png", "images/helpcenter/reports_index.png": "images\\helpcenter\\reports_index.370cc26f9fa7.png", "images/helpcenter/statements_actions.png": "images\\helpcenter\\statements_actions.f28efa6eb294.png", "images/helpcenter/statements_email.png": "images\\helpcenter\\statements_email.07e1eca83e4f.png", "images/helpcenter/statements_table.png": "images\\helpcenter\\statements_table.c994321a9495.png", "images/helpcenter/time_approval_queue.png": "images\\helpcenter\\time_approval_queue.4e81196ad587.png", "images/helpcenter/time_entries_list.png": "images\\helpcenter\\time_entries_list.4b7643ba0d17.png", "images/helpcenter/time_tracking.png": "images\\helpcenter\\time_tracking.bf7afc0c7988.png", "images/helpcenter/timer_navbar.png": "images\\helpcenter\\timer_navbar.bc9ccd87d937.png", "images/helpcenter/trial_balance.png": "images\\helpcenter\\trial_balance.7a7417a89ad0.png", "images/marketing/accounting.png": "images/marketing/accounting.67a308d54727.png", "images/marketing/dashboard.png": "images/marketing/dashboard.c07a44aaa841.png", "images/marketing/documents.png": "images/marketing/documents.5fae590b6b72.png", "images/marketing/documents.svg": "images\\marketing\\documents.3dd15b4172ad.svg", "images/marketing/integrations.png": "images/marketing/integrations.80f55645316b.png", "images/marketing/integrations.svg": "images\\marketing\\integrations.c1dc24bcbe2c.svg", "images/marketing/pricing..png": "images/marketing/pricing..86ed61bde0f2.png", "images/marketing/reports.svg": "images\\marketing\\reports.1ceeaf3daed7.svg", "images/marketing/time.svg": "images\\marketing\\time.2f30937ff967.svg", "images/marketing/time_tracking.png": "images/marketing/time_tracking.7bc92985fdc6.png", "images/sidbar.png": "images\\sidbar.56cf0684042c.png", "js/document_composer.js": "js/document_composer.e54d39886ddd.js", "js/ez360pm.js": "js/ez360pm.e29cea0fc271.js", "rest_framework/css/bootstrap-theme.min.css": "rest_framework/css/bootstrap-theme.min.1d4b05b397c3.css", "rest_framework/css/bootstrap-theme.min.css.map": "rest_framework\\css\\bootstrap-theme.min.css.51806092cc05.map", "rest_framework/css/bootstrap-tweaks.css": "rest_framework/css/bootstrap-tweaks.ee4ee6acf9eb.css", "rest_framework/css/bootstrap.min.css": "rest_framework/css/bootstrap.min.f17d4516b026.css", "rest_framework/css/bootstrap.min.css.map": "rest_framework\\css\\bootstrap.min.css.cafbda9c0e9e.map", "rest_framework/css/default.css": "rest_framework/css/default.789dfb5732d7.css", "rest_framework/css/font-awesome-4.0.3.css": "rest_framework/css/font-awesome-4.0.3.c1e1ea213abf.css", "rest_framework/css/prettify.css": "rest_framework/css/prettify.a987f72342ee.css", "rest_framework/docs/css/base.css": "rest_framework/docs/css/base.e630f8f4990e.css", "rest_framework/docs/css/highlight.css": "rest_framework/docs/css/highlight.e0e4d973c6d7.css", "rest_framework/docs/css/jquery.json-view.min.css": "rest_framework/docs/css/jquery.json-view.min.a2e6beeb6710.css", "rest_framework/docs/img/favicon.ico": "rest_framework\\docs\\img\\favicon.5195b4d0f3eb.ico", "rest_framework/docs/img/grid.png": "rest_framework\\docs\\img\\grid.a4b938cf382b.png", "rest_framework/docs/js/api.js": "rest_framework/docs/js/api.18a5ba8a1bd8.js", "rest_framework/docs/js/highlight.pack.js": "rest_framework/docs/js/highlight.pack.479b5f21dcba.js", "rest_framework/docs/js/jquery.json-view.min.js": "rest_framework/docs/js/jquery.json-view.min.b7c2d6981377.js", "rest_framework/fonts/fontawesome-webfont.eot": "rest_framework\\fonts\\fontawesome-webfont.8b27bc96115c.eot", "rest_framework/fonts/fontawesome-webfont.svg": "rest_framework\\fonts\\fontawesome-webfont.83e37a11f9d7.svg", "rest_framework/fonts/fontawesome-webfont.ttf": "rest_framework\\fonts\\fontawesome-webfont.dcb26c7239d8.ttf", "rest_framework/fonts/fontawesome-webfont.woff": "rest_framework\\fonts\\fontawesome-webfont.3293616ec0c6.woff", "rest_framework/fonts/glyphicons-halflings-regular.eot": "rest_framework\\fonts\\glyphicons-halflings-regular.f4769f9bdb74.eot", "rest_framework/fonts/glyphicons-halflings-regular.svg": "rest_framework\\fonts\\glyphicons-halflings-regular.08eda92397ae.svg", "rest_framework/fonts/glyphicons-halflings-regular.ttf": "rest_framework\\fonts\\glyphicons-halflings-regular.e18bbf611f2a.ttf", "rest_framework/fonts/glyphicons-halflings-regular.woff": "rest_framework\\fonts\\glyphicons-halflings-regular.fa2772327f55.woff", "rest_framework/fonts/glyphicons-halflings-regular.woff2": "rest_framework\\fonts\\glyphicons-halflings-regular.448c34a56d69.woff2", "rest_framework/img/glyphicons-halflings-white.png": "rest_framework\\img\\glyphicons-halflings-white.9bbc6e960299.png", "rest_framework/img/glyphicons-halflings.png": "rest_framework\\img\\glyphicons-halflings.90233c9067e9.png", "rest_framework/img/grid.png": "rest_framework\\img\\grid.a4b938cf382b.png", "rest_framework/js/ajax-form.js": "rest_framework/js/ajax-form.4e1cdcb7acab.js", "rest_framework/js/bootstrap.min.js": "rest_framework/js/bootstrap.min.2f34b630ffe3.js", "rest_framework/js/coreapi-0.1.1.js": "rest_framework/js/coreapi-0.1.1.8851fb9336c9.js", "rest_framework/js/csrf.js": "rest_framework/js/csrf.455080a7b2ce.js", "rest_framework/js/default.js": "rest_framework/js/default.5b08897dbdc3.js", "rest_framework/js/jquery-3.7.1.min.js": "rest_framework/js/jquery-3.7.1.min.2c872dbe60f4.js", "rest_framework/js/load-ajax-form.js": "rest_framework/js/load-ajax-form.8cdb3a9f3466.js", "rest_framework/js/prettify-min.js": "rest_framework/js/prettify-min.709bfcc456c6.js"}, "version": "1.1", "hash": "e03f23058888"}